scenario_label,n,chi2,dof,p_value,cramers_v,agents_k
S0_Solo_agent,11065,2444.0090157480736,4,0.0,0.46997601305453895,5
S1_Human_reviewed,4205,451.24175232415314,4,2.3409837277770243e-96,0.32758321317113115,5
S2_Human_coedited,18326,8204.514042254805,4,0.0,0.6691024039488582,5
