agent,n,high_cost_n,high_cost_rate
Devin,4827,3234,0.6699813548788067
Copilot,4970,2880,0.579476861167002
Cursor,1541,639,0.41466580142764436
Claude_Code,459,182,0.39651416122004357
OpenAI_Codex,21799,1679,0.07702188173769439
