agent,S0_Solo_agent,S1_Human_reviewed,S2_Human_coedited
Devin,0.4221525600835946,0.8754055807916937,0.7849854227405247
Copilot,0.030133146461107218,0.7417315175097277,0.8823133826496301
Cursor,0.1951530612244898,0.608540925266904,0.6617647058823529
Claude_Code,0.07236842105263158,0.3888888888888889,0.5928853754940712
OpenAI_Codex,0.03241013553329405,0.3333333333333333,0.09282127832813136
