agent,n,k,rate,ci_low,ci_high
Copilot,4970,2544,0.5118712273641851,0.49797028307156904,0.5257538339167968
Devin,4827,2129,0.4410607002278848,0.4271059397268088,0.4551092005915986
Cursor,1541,551,0.3575600259571707,0.3340112282559574,0.3818172424429156
Claude_Code,459,151,0.3289760348583878,0.2875673512820795,0.37322372713438096
OpenAI_Codex,21799,1344,0.061654204321299144,0.058537774587202177,0.06492510467345347
