agent,S0_Solo_agent,S1_Human_reviewed,S2_Human_coedited
OpenAI_Codex,0.3113904307537043,0.012523510252763888,0.6760860589935318
Copilot,0.28712273641851105,0.413682092555332,0.29919517102615695
Devin,0.39651957737725296,0.3192459084317381,0.2842345141910089
Cursor,0.508760545100584,0.18234912394548994,0.30889033095392604
Claude_Code,0.3311546840958606,0.11764705882352941,0.55119825708061
